Грибова	Вероника	Дмитриевна
Тихонова	Екатерина	Захаровна
Петрова	Ярослава	Петровна
Короткова	Варвара	Михайловна
Иванова	Софья	Андреевна
Соколова	Аиша	Артёмовна
Емельянов	Валерий	Миронович
Морозова	Елизавета	Егоровна
Парфенов	Тимофей	Дмитриевич
Лебедева	Арина	Адамовна
Соловьев	Максим	Михайлович
Петрова	Маргарита	Марковна
Никитин	Иван	Артёмович
Романова	Дарья	Кирилловна
Сидорова	Таисия	Николаевна
Новиков	Иван	Тимофеевич
Васильева	Виктория	Богдановна
Дубровин	Святослав	Тимурович
Медведева	Марьям	Владиславовна
Симонова	Дарья	Кирилловна
Дьяков	Владимир	Дмитриевич
Орлова	Алиса	Артёмовна
Никифоров	Али	Дмитриевич
Степанов	Максим	Алексеевич
Нечаев	Лев	Иванович
Кулешова	Милана	Данииловна
Кудрявцев	Владислав	Маркович
Басова	Алёна	Артёмовна
Малышев	Дмитрий	Степанович
Лебедева	Елизавета	Ивановна
Васильева	Арина	Андреевна
Кузнецова	Елизавета	Дмитриевна
Федотова	Варвара	Владимировна
Власов	Алексей	Артёмович
Морозов	Максим	Артёмович
Ситникова	Милана	Максимовна
Гордеева	Милана	Максимовна
Жданова	Алина	Данииловна
Семенова	Амина	Артуровна
Иванов	Дмитрий	Константинович
Астахова	Варвара	Ивановна
Емельянов	Андрей	Кириллович
Гусева	Дарья	Ивановна
Васильев	Иван	Артёмович
Синицын	Фёдор	Георгиевич
Новиков	Василий	Михайлович
Алексеева	Анна	Игоревна
Петров	Артём	Тимурович
Грачева	Мария	Андреевна
Лукьянова	Елизавета	Леонидовна
Петровский	Арсений	Сергеевич
Богданова	Валерия	Денисовна
Васильева	Анна	Павловна
Бессонов	Степан	Дмитриевич
Шевелев	Ярослав	Данилович
Егорова	Софья	Александровна
Гаврилова	Юлия	Дмитриевна
Лапшина	Марта	Владиславовна
Бородин	Даниил	Егорович
Баранова	Алиса	Ильинична
Зайцева	Эмилия	Филипповна
Уваров	Владимир	Маркович
Алексеева	Диана	Яновна
Васильев	Никита	Артёмович
Семенов	Тимур	Михайлович
Селиванова	Ксения	Данииловна
Софронов	Кирилл	Дмитриевич
Иванов	Илья	Давидович
Новиков	Артур	Сергеевич
Митрофанова	Елизавета	Мироновна
Королева	Ева	Святославовна
Макарова	Варвара	Марковна
Курочкина	Полина	Робертовна
Бондарев	Пётр	Артемьевич
Николаева	Анна	Михайловна
Литвинов	Илья	Алексеевич
Голубева	Арина	Кирилловна
Новикова	Алиса	Максимовна
Спиридонов	Денис	Леонидович
Тихонова	Мария	Адамовна
Мещерякова	Мария	Владиславовна
Воронцова	Вера	Юрьевна
Алексеева	Валерия	Фёдоровна
Левин	Кирилл	Владиславович
Ширяева	Алисия	Михайловна
Иванов	Роман	Дмитриевич
Захарова	Кира	Дмитриевна
Шубина	Мария	Даниэльевна
Маркина	Екатерина	Тимофеевна
Карпова	Кира	Максимовна
Моисеев	Кирилл	Александрович
Морозов	Мирон	Никитич
Верещагина	Александра	Артёмовна
Сычева	Амелия	Ильинична
Борисов	Леонид	Макарович
Мещеряков	Роберт	Александрович
Орлова	Ярослава	Максимовна
Антипова	Маргарита	Кирилловна
Осипов	Михаил	Андреевич
Королев	Кирилл	Семёнович
Никонов	Руслан	Ярославович
Лазарева	Виктория	Ивановна
Парамонова	Станислава	Ильинична
Федоров	Марк	Егорович
Карпова	Варвара	Романовна
Медведев	Сергей	Данилович
Исаева	Арина	Ильинична
Львова	Аиша	Мирославовна
Зимина	Мария	Ильинична
Шаповалова	Полина	Макаровна
Нестеров	Данила	Иванович
Кузнецова	Ксения	Михайловна
Яковлева	Алиса	Богдановна
Агеева	Анна	Денисовна
Борисов	Александр	Маркович
Вавилов	Михаил	Васильевич
Карпова	Варвара	Ивановна
Калинина	Дарина	Даниэльевна
Ткачева	Полина	Александровна
Архипов	Михаил	Святославович
Наумова	Елизавета	Давидовна
Дегтярева	Ирина	Андреевна
Глухов	Сергей	Константинович
Фокин	Макар	Васильевич
Васильева	Елизавета	Марковна
Щербакова	Таисия	Тимуровна
Морозов	Михаил	Григорьевич
Данилов	Марк	Романович
Волкова	Екатерина	Ивановна
Румянцев	Александр	Романович
Дубинина	Полина	Эминовна
Лаврентьев	Михаил	Александрович
Смирнова	Ксения	Вадимовна
Максимов	Матвей	Александрович
Мельников	Тимофей	Владиславович
Попов	Эмиль	Захарович
Зуев	Максим	Егорович
Коровин	Пётр	Ильич
Носов	Александр	Тимофеевич
Никифорова	Стефания	Адамовна
Тихомирова	Анастасия	Давидовна
Фомина	Варвара	Леонидовна
Соколов	Леонид	Александрович
Воронова	Василиса	Артёмовна
Карпов	Илья	Дмитриевич
Миронова	Арина	Ивановна
Комаров	Савва	Дмитриевич
Герасимова	Мария	Ильинична
Смирнов	Никита	Даниэльевич
Алексеева	Виктория	Георгиевна
Майорова	Мария	Адамовна
Алексеева	Анна	Михайловна
Комарова	Софья	Георгиевна
Ларионова	Татьяна	Ярославовна
Винокурова	Мария	Сергеевна
Иванов	Кирилл	Михайлович
Сахарова	Софья	Романовна
Кузнецов	Давид	Даниилович
Макаров	Иван	Фёдорович
Макаров	Глеб	Эмирович
Гаврилов	Али	Никитич
Ильин	Артемий	Леонидович
Марков	Александр	Алексеевич
Смирнова	Теона	Александровна
Лебедева	Елизавета	Тимуровна
Александров	Михаил	Максимович
Герасимова	Софья	Александровна
Фомин	Евгений	Дмитриевич
Назарова	Екатерина	Германовна
Ершов	Никита	Артёмович
Игнатьев	Ярослав	Давидович
Павловский	Андрей	Тимофеевич
Соловьева	Вера	Марковна
Фомина	Ирина	Михайловна
Лебедев	Кирилл	Кириллович
Демин	Михаил	Эмирович
Кузнецов	Ярослав	Фёдорович
Новиков	Константин	Артёмович
Леонова	Диана	Родионовна
Колесников	Семён	Богданович
Данилова	Лилия	Юрьевна
Пономарев	Андрей	Александрович
Харитонов	Вячеслав	Тимофеевич
Яковлев	Дамир	Никитич
Гаврилова	Алиса	Матвеевна
Михайлова	Василиса	Георгиевна
Васильева	Ангелина	Назаровна
Савельева	Татьяна	Евгеньевна
Яковлев	Эмир	Васильевич
Иванова	Виктория	Михайловна
Егоров	Марк	Максимович
Захаров	Григорий	Михайлович
Алексеев	Максим	Никитич
Фокина	Александра	Александровна
Мартынов	Максим	Фёдорович
Никулина	Мария	Мироновна
Филиппов	Руслан	Тимурович
Соловьев	Григорий	Александрович
Леонов	Матвей	Миронович
Федосеева	Елена	Данииловна
Никитина	София	Максимовна
Голованов	Матвей	Ярославович
Ларин	Марк	Васильевич
Архипов	Руслан	Давидович
Мухина	Камила	Ярославовна
Бобров	Даниил	Игоревич
Александрова	Лидия	Матвеевна
Кузнецова	Фатима	Александровна
Дмитриева	Сабина	Максимовна
Туманова	Майя	Михайловна
Лукьянов	Игорь	Лукич	
Постникова	Ева	Александровна
Матвеев	Макар	Львович
Зуев	Тихон	Тимофеевич
Плотникова	Вероника	Елисеевна
Коротков	Денис	Павлович
Колосова	Владислава	Константиновна
Гришина	Вера	Владимировна
Калмыков	Георгий	Маркович
Алексеев	Константин	Ильич
Пономарев	Иван	Артёмович
Калинин	Глеб	Львович
Ларина	Анастасия	Андреевна
Синицын	Игорь	Сергеевич
Михайлов	Алексей	Климович
Золотарева	Анна	Артёмовна
Крылова	Ева	Георгиевна
Лебедева	Алиса	Максимовна
Костина	Сафия	Ивановна
Королева	Василиса	Максимовна
Кудрявцева	Ольга	Сергеевна
Овчинников	Алексей	Дмитриевич
Кондратьев	Марк	Филиппович
Казанцева	Виктория	Станиславовна
Большаков	Александр	Саввич
Иванов	Даниил	Богданович
Ларин	Родион	Степанович
Лазарева	Ярослава	Ибрагимовна
Акимова	София	Максимовна
Попов	Павел	Артёмович
Еремеев	Матвей	Владимирович
Макаров	Артём	Даниилович
Бирюков	Марк	Александрович
Горбачев	Александр	Игоревич
Савельев	Тимофей	Дмитриевич
Яшин	Александр	Арсентьевич
Захаров	Александр	Леонович
Парфенов	Максим	Александрович
Филиппова	Ольга	Владиславовна
Зимина	Варвара	Тимофеевна
Михайлова	Кира	Владимировна
Яковлев	Роман	Максимович
Степанова	Анастасия	Ильинична
Озерова	Ксения	Руслановна
Белова	Кира	Константиновна
Федоров	Иван	Сергеевич
Алексеев	Артём	Тимофеевич
Сидорова	Антонина	Демидовна
Кузнецова	Валерия	Павловна
Павлов	Иван	Михайлович
Попов	Арсений	Всеволодович
Маркин	Дмитрий	Никитич
Чернов	Василий	Андреевич
Сомов	Давид	Никитич
Кириллов	Артём	Егорович
Захаров	Андрей	Георгиевич
Данилова	Полина	Ивановна
Козлов	Иван	Маркович
Щербаков	Андрей	Львович
Тарасова	Милана	Адамовна
Колесников	Дмитрий	Даниилович
Королева	Марина	Матвеевна
Филиппов	Ярослав	Даниилович
Ермолаева	Амелия	Марковна
Мещеряков	Никита	Тимофеевич
Борисов	Даниил	Иванович
Ларина	Амелия	Данииловна
Иванов	Тимофей	Фёдорович
Молчанов	Максим	Борисович
Никулина	София	Михайловна
Кондратьева	Ева	Михайловна
Усова	Елизавета	Владиславовна
Самойлов	Артём	Кириллович
Миронова	Таисия	Данииловна
Смирнова	Ксения	Алексеевна
Успенская	Елена	Захаровна
Ермакова	Анастасия	Степановна
Белова	Анна	Дмитриевна
Гончарова	Мирослава	Григорьевна
Васильева	Сафия	Артёмовна
Сорокин	Даниил	Артемьевич
Румянцев	Мирон	Александрович
Грачев	Павел	Валерьевич
Нефедов	Михаил	Маркович
Карасева	Варвара	Глебовна
Михайлова	Ева	Саввична
Пономарева	Ульяна	Ярославовна
Давыдов	Павел	Демидович
Беляков	Алексей	Иванович
Львов	Максим	Михайлович
Кочетова	София	Данияровна
Крюков	Александр	Вадимович
Афанасьева	Софья	Михайловна
Яковлева	Валерия	Павловна
Дмитриева	Василиса	Арсентьевна
Леонов	Иван	Иванович
Гуляев	Лука	Эмирович
Бородина	Елизавета	Дмитриевна
Озеров	Михаил	Михайлович
Носова	Елизавета	Николаевна
Греков	Артём	Денисович
Хохлова	Мария	Артемьевна
Кузнецов	Алексей	Миронович
Иванова	Алисия	Ивановна
Зверева	Татьяна	Сергеевна
Кулешова	Елена	Алексеевна
Чернов	Марк	Егорович
Борисов	Александр	Ибрагимович
Колесов	Виктор	Николаевич
Борисова	Стефания	Игоревна
Морозова	София	Романовна
Баранов	Роман	Иванович
Кочетков	Борис	Русланович
Рудакова	Мария	Демидовна
Никитин	Никита	Александрович
Воробьева	Ульяна	Максимовна
Воронин	Владимир	Егорович
Москвин	Артём	Андреевич
Зубов	Александр	Иванович
Юдина	Варвара	Алексеевна
Филиппов	Илья	Дмитриевич
Быков	Иван	Макарович
Казанцева	Агата	Марковна
Соколова	Анастасия	Артёмовна
Попов	Никита	Степанович
Абрамов	Платон	Маркович
Смирнов	Макар	Иванович
Павлов	Даниил	Владимирович
Чернова	Алиса	Платоновна
Семенова	Ирина	Викторовна
Грибова	Александра	Борисовна
Дементьева	Арина	Павловна
Федорова	Екатерина	Егоровна
Смирнов	Степан	Артёмович
Петров	Ярослав	Иванович
Попова	Милана	Ильинична
Горбунов	Артемий	Алексеевич
Гусева	Анастасия	Анатольевна
Киселев	Олег	Егорович
Суворов	Кирилл	Александрович
Петров	Тимофей	Даниилович
Макеев	Марк	Михайлович
Софронова	Анастасия	Владиславовна
Румянцева	Виктория	Артёмовна
Фролова	Алёна	Романовна
Голубева	Есения	Фёдоровна
Яковлев	Роберт	Викторович
Селиванова	Маргарита	Дмитриевна
Попов	Александр	Глебович
Корнилова	Сафия	Владимировна
Бирюкова	Есения	Никитична
Котов	Григорий	Владимирович
Киселева	Стефания	Львовна
Киселев	Тимур	Львович
Шмелева	Полина	Глебовна
Харитонова	Ксения	Захаровна
Михайлова	София	Николаевна
Симонов	Кирилл	Викторович
Алексеева	Виктория	Богдановна
Петровский	Даниил	Матвеевич
Скворцов	Антон	Иванович
Вавилов	Даниил	Иванович
Румянцев	Даниил	Елисеевич
Борисов	Юрий	Романович
Архипова	Алёна	Ивановна
Логинова	Елизавета	Вадимовна
Александрова	Дарья	Тимофеевна
Чернова	Таисия	Марковна
Лосева	Валерия	Дмитриевна
Соколова	Сафия	Егоровна
Авдеева	Таисия	Алексеевна
Панов	Владимир	Никитич
Казакова	Вероника	Ярославовна
Богданова	Арина	Андреевна
Сальникова	Валерия	Ивановна
Трифонов	Александр	Григорьевич
Андреева	Кристина	Михайловна
Мальцев	Павел	Андреевич
Кузьмина	Софья	Платоновна
Самойлов	Александр	Иванович
Мельников	Марк	Даниилович
Иванов	Олег	Филиппович
Еремина	Мария	Кирилловна
Белов	Андрей	Богданович
Михайлова	Лейла	Мироновна
Игнатов	Константин	Ярославович
Иванова	Марьям	Артуровна
Фадеева	Полина	Степановна
Морозова	Малика	Романовна
Зайцева	Надежда	Александровна
Кочетова	София	Данияровна
Крюков	Александр	Вадимович
Афанасьева	Софья	Михайловна
Яковлева	Валерия	Павловна
Дмитриева	Василиса	Арсентьевна
Леонов	Иван	Иванович
Гуляев	Лука	Эмирович
Бородина	Елизавета	Дмитриевна
Озеров	Михаил	Михайлович
Носова	Елизавета	Николаевна
Греков	Артём	Денисович
Хохлова	Мария	Артемьевна
Кузнецов	Алексей	Миронович
Иванова	Алисия	Ивановна
Зверева	Татьяна	Сергеевна
Кулешова	Елена	Алексеевна
Чернов	Марк	Егорович
Борисов	Александр	Ибрагимович
Колесов	Виктор	Николаевич
Борисова	Стефания	Игоревна
Морозова	София	Романовна
Баранов	Роман	Иванович
Кочетков	Борис	Русланович
Рудакова	Мария	Демидовна
Никитин	Никита	Александрович
Воробьева	Ульяна	Максимовна
Воронин	Владимир	Егорович
Москвин	Артём	Андреевич
Зубов	Александр	Иванович
Юдина	Варвара	Алексеевна
Филиппов	Илья	Дмитриевич
Быков	Иван	Макарович
Казанцева	Агата	Марковна
Соколова	Анастасия	Артёмовна
Попов	Никита	Степанович
Абрамов	Платон	Маркович
Смирнов	Макар	Иванович
Павлов	Даниил	Владимирович
Чернова	Алиса	Платоновна
Семенова	Ирина	Викторовна
Грибова	Александра	Борисовна
Дементьева	Арина	Павловна
Федорова	Екатерина	Егоровна
Смирнов	Степан	Артёмович
Петров	Ярослав	Иванович
Попова	Милана	Ильинична
Горбунов	Артемий	Алексеевич
Гусева	Анастасия	Анатольевна
Киселев	Олег	Егорович
Суворов	Кирилл	Александрович
Петров	Тимофей	Даниилович
Макеев	Марк	Михайлович
Софронова	Анастасия	Владиславовна
Румянцева	Виктория	Артёмовна
Фролова	Алёна	Романовна
Голубева	Есения	Фёдоровна
Яковлев	Роберт	Викторович
Селиванова	Маргарита	Дмитриевна
Попов	Александр	Глебович
Корнилова	Сафия	Владимировна
Бирюкова	Есения	Никитична
Котов	Григорий	Владимирович
Киселева	Стефания	Львовна
Киселев	Тимур	Львович
Шмелева	Полина	Глебовна
Харитонова	Ксения	Захаровна
Михайлова	София	Николаевна
Симонов	Кирилл	Викторович
Алексеева	Виктория	Богдановна
Петровский	Даниил	Матвеевич
Скворцов	Антон	Иванович
Вавилов	Даниил	Иванович
Румянцев	Даниил	Елисеевич
Борисов	Юрий	Романович
Архипова	Алёна	Ивановна
Логинова	Елизавета	Вадимовна
Александрова	Дарья	Тимофеевна
Чернова	Таисия	Марковна
Лосева	Валерия	Дмитриевна
Соколова	Сафия	Егоровна
Авдеева	Таисия	Алексеевна
Панов	Владимир	Никитич
Казакова	Вероника	Ярославовна
Богданова	Арина	Андреевна
Сальникова	Валерия	Ивановна
Трифонов	Александр	Григорьевич
Андреева	Кристина	Михайловна
Мальцев	Павел	Андреевич
Кузьмина	Софья	Платоновна
Самойлов	Александр	Иванович
Мельников	Марк	Даниилович
Иванов	Олег	Филиппович
Еремина	Мария	Кирилловна
Белов	Андрей	Богданович
Михайлова	Лейла	Мироновна
Игнатов	Константин	Ярославович
Иванова	Марьям	Артуровна
Фадеева	Полина	Степановна
Морозова	Малика	Романовна
Зайцева	Надежда	Александровна
Кочетова	София	Данияровна
Крюков	Александр	Вадимович
Афанасьева	Софья	Михайловна
Яковлева	Валерия	Павловна
Дмитриева	Василиса	Арсентьевна
Леонов	Иван	Иванович
Гуляев	Лука	Эмирович
Бородина	Елизавета	Дмитриевна
Озеров	Михаил	Михайлович
Носова	Елизавета	Николаевна
Греков	Артём	Денисович
Хохлова	Мария	Артемьевна
Кузнецов	Алексей	Миронович
Иванова	Алисия	Ивановна
Зверева	Татьяна	Сергеевна
Кулешова	Елена	Алексеевна
Чернов	Марк	Егорович
Борисов	Александр	Ибрагимович
Колесов	Виктор	Николаевич
Борисова	Стефания	Игоревна
Морозова	София	Романовна
Баранов	Роман	Иванович
Кочетков	Борис	Русланович
Рудакова	Мария	Демидовна
Никитин	Никита	Александрович
Воробьева	Ульяна	Максимовна
Воронин	Владимир	Егорович
Москвин	Артём	Андреевич
Зубов	Александр	Иванович
Юдина	Варвара	Алексеевна
Филиппов	Илья	Дмитриевич
Быков	Иван	Макарович
Казанцева	Агата	Марковна
Соколова	Анастасия	Артёмовна
Попов	Никита	Степанович
Абрамов	Платон	Маркович
Смирнов	Макар	Иванович
Павлов	Даниил	Владимирович
Чернова	Алиса	Платоновна
Семенова	Ирина	Викторовна
Грибова	Александра	Борисовна
Дементьева	Арина	Павловна
Федорова	Екатерина	Егоровна
Смирнов	Степан	Артёмович
Петров	Ярослав	Иванович
Попова	Милана	Ильинична
Горбунов	Артемий	Алексеевич
Гусева	Анастасия	Анатольевна
Киселев	Олег	Егорович
Суворов	Кирилл	Александрович
Петров	Тимофей	Даниилович
Макеев	Марк	Михайлович
Софронова	Анастасия	Владиславовна
Румянцева	Виктория	Артёмовна
Фролова	Алёна	Романовна
Голубева	Есения	Фёдоровна
Яковлев	Роберт	Викторович
Селиванова	Маргарита	Дмитриевна
Попов	Александр	Глебович
Корнилова	Сафия	Владимировна
Бирюкова	Есения	Никитична
Котов	Григорий	Владимирович
Киселева	Стефания	Львовна
Киселев	Тимур	Львович
Шмелева	Полина	Глебовна
Харитонова	Ксения	Захаровна
Михайлова	София	Николаевна
Симонов	Кирилл	Викторович
Алексеева	Виктория	Богдановна
Петровский	Даниил	Матвеевич
Скворцов	Антон	Иванович
Вавилов	Даниил	Иванович
Румянцев	Даниил	Елисеевич
Борисов	Юрий	Романович
Архипова	Алёна	Ивановна
Логинова	Елизавета	Вадимовна
Александрова	Дарья	Тимофеевна
Чернова	Таисия	Марковна
Лосева	Валерия	Дмитриевна
Соколова	Сафия	Егоровна
Авдеева	Таисия	Алексеевна
Панов	Владимир	Никитич
Казакова	Вероника	Ярославовна
Богданова	Арина	Андреевна
Сальникова	Валерия	Ивановна
Трифонов	Александр	Григорьевич
Андреева	Кристина	Михайловна
Мальцев	Павел	Андреевич
Кузьмина	Софья	Платоновна
Самойлов	Александр	Иванович
Мельников	Марк	Даниилович
Иванов	Олег	Филиппович
Еремина	Мария	Кирилловна
Белов	Андрей	Богданович
Михайлова	Лейла	Мироновна
Игнатов	Константин	Ярославович
Иванова	Марьям	Артуровна
Фадеева	Полина	Степановна
Морозова	Малика	Романовна
Зайцева	Надежда	Александровна
Козлов	Алексей	Даниилович
Лазарева	Вероника	Александровна
Судакова	Александра	Викторовна
Корнеева	Варвара	Григорьевна
Гусева	Яна	Данииловна
Пименов	Давид	Борисович
Королев	Максим	Глебович
Никитин	Арсений	Дамирович
Шилов	Павел	Никитич
Краснова	Ярослава	Егоровна
Елисеев	Максим	Никитич
Ермаков	Роман	Александрович
Аксенова	Анна	Михайловна
Рудаков	Иван	Максимович
Тихонов	Леонид	Платонович
Корнева	София	Семёновна
Комаров	Семён	Владиславович
Григорьев	Михаил	Степанович
Кольцова	Ульяна	Романовна
Ковалева	Елизавета	Тимофеевна
Ильин	Мирон	Артёмович
Кожевникова	Елизавета	Романовна
Михайлова	Елизавета	Максимовна
Климов	Егор	Михайлович
Наумов	Даниил	Тимофеевич
Андреев	Эмир	Миронович
Майоров	Роберт	Михайлович
Александров	Платон	Матвеевич
Галкин	Роман	Николаевич
Седова	Дарья	Борисовна
Щербаков	Семён	Маркович
Ковалев	Владислав	Александрович
Петров	Тимофей	Александрович
Александров	Арсений	Ярославович
Андреева	Мария	Максимовна
Федосеева	Алёна	Вадимовна
Козловский	Сергей	Ильич
Осипова	Анна	Дмитриевна
Никифоров	Игорь	Максимович
Николаева	Ева	Егоровна
Самсонова	Фатима	Дмитриевна
Марков	Артемий	Дмитриевич
Фадеева	Вероника	Михайловна
Воробьева	Анна	Владиславовна
Кузин	Глеб	Кириллович
Колесникова	Диана	Дмитриевна
Носков	Филипп	Михайлович
Панкова	Алёна	Макаровна
Романова	Александра	Игоревна
Виноградова	Диана	Ивановна
Прохоров	Владислав	Максимович
Фролова	Юлия	Матвеевна
Краснов	Филипп	Максимович
Романова	Валерия	Васильевна
Николаева	Алёна	Михайловна
Иванова	Юлия	Павловна
Сухов	Александр	Семёнович
Зимина	Софья	Михайловна
Калмыков	Герман	Николаевич
Иванов	Максим	Робертович
Савицкая	Софья	Матвеевна
Комаров	Максим	Владиславович
Журавлев	Марк	Михайлович
Быкова	Вероника	Кирилловна
Голиков	Максим	Максимович
Быкова	Милана	Ярославовна
Казаков	Егор	Иванович
Авдеева	Анна	Дмитриевна
Черкасов	Марк	Лукич	
Озерова	Марта	Максимовна
Трошина	Варвара	Данииловна
Князева	Ульяна	Святославовна
Шульгина	Дарья	Михайловна
Филатов	Тимур	Эмирович
Волков	Марк	Владиславович
Воронова	Мариам	Владиславовна
Степанова	Екатерина	Алексеевна
Платонова	Вера	Ярославовна
Морозов	Пётр	Михайлович
Антонова	Виктория	Николаевна
Борисова	Елизавета	Матвеевна
Беляев	Илья	Александрович
Калинина	Полина	Кирилловна
Токарев	Олег	Ильич
Мартынова	Ульяна	Михайловна
Кондрашова	Полина	Михайловна
Сазонова	Юлия	Германовна
Кузнецова	София	Матвеевна
Емельянов	Марк	Леонидович
Андреева	Кристина	Михайловна
Моргунова	Вера	Максимовна
Грибов	Никита	Дмитриевич
Сорокина	Полина	Данииловна
Малышев	Игорь	Арсентьевич
Сорокин	Лев	Максимович
Максимова	Теона	Яковлевна
Соколов	Роман	Демидович
Кузин	Семён	Григорьевич
Петров	Дамир	Дмитриевич
Вавилов	Александр	Максимович
Борисов	Александр	Матвеевич
Прокофьева	Виктория	Артёмовна
Смирнов	Леонид	Артёмович
Семенова	Алиса	Ильинична
Пугачев	Мирон	Алексеевич
Васильева	София	Максимовна
Антонов	Сергей	Александрович
Глухова	Вера	Матвеевна
Сазонова	Александра	Артёмовна
Лосева	Милана	Александровна
Черкасов	Дмитрий	Иванович
Озеров	Лука	Богданович
Савина	Марта	Робертовна
Васильева	Ника	Григорьевна
Ерофеева	Ева	Богдановна
Давыдов	Даниил	Эмирович
Измайлов	Богдан	Романович
Лосева	Алиса	Марковна
Пономарев	Григорий	Дамирович
Колпакова	Валерия	Дамировна
Кузнецова	Александра	Тимофеевна
Смирнов	Святослав	Давидович
Сорокина	Анастасия	Васильевна
Федорова	Алёна	Львовна
Селезнева	Мария	Руслановна
Сухарева	Таисия	Арсентьевна
Савельева	Александра	Ильинична
Галкина	Арина	Дмитриевна
Егоров	Дмитрий	Егорович
Горбунов	Михаил	Артёмович
Панфилова	Ариана	Ивановна
Семенов	Владимир	Демидович
Зайцева	Стефания	Артёмовна
Кочетова	Дарья	Макаровна
Воронцов	Алексей	Владиславович
Лаврентьева	Мария	Ивановна
Кулешов	Эмин	Дмитриевич
Мельников	Дамир	Артурович
Фокина	Мирослава	Фёдоровна
Лазарев	Лев	Ильич
Яковлева	Александра	Фёдоровна
Трошин	Александр	Георгиевич
Носкова	Кристина	Данииловна
Кочеткова	Василиса	Марковна
Артемов	Сергей	Викторович
Уварова	Арина	Артемьевна
Авдеев	Александр	Михайлович
Елисеева	Алиса	Георгиевна
Морозов	Александр	Дамирович
Жданова	Василиса	Владиславовна
Селиванова	Алиса	Даниловна
Семенова	Варвара	Максимовна
Худякова	Софья	Ильинична
Тарасов	Степан	Андреевич
Киселев	Александр	Елисеевич
Крылов	Пётр	Максимович
Майорова	Александра	Леонидовна
Юдина	Ангелина	Глебовна
Яковлев	Александр	Максимович
Кузнецов	Дмитрий	Артёмович
Титов	Даниил	Александрович
Петров	Константин	Тихонович
Климова	София	Арсентьевна
Захарова	Виктория	Фёдоровна
Романова	Таисия	Ярославовна
Панов	Мирон	Артёмович
Родионов	Михаил	Михайлович
Громова	Есения	Эминовна
Кузьмина	София	Романовна
Фирсова	Елизавета	Романовна
Дьяконова	Варвара	Мартиновна
Фролова	Виктория	Михайловна
Андрианов	Константин	Русланович
Полякова	Алиса	Владиславовна
Блинов	Артём	Даниилович
Захаров	Максим	Алиевич
Кулешова	Елизавета	Александровна
Кудрявцева	Анастасия	Ильинична
Киселева	Вероника	Мироновна
Кондратов	Дамир	Миронович
Назарова	Дарья	Романовна
Сергеева	Вероника	Дмитриевна
Егорова	Валерия	Кирилловна
Бирюкова	Анна	Степановна
Герасимов	Михаил	Васильевич
Смирнова	Алиса	Егоровна
Зорина	София	Алексеевна
Никифорова	Мария	Фёдоровна
Родина	Ангелина	Антоновна
Воробьева	Полина	Тимофеевна
Молчанова	Кристина	Александровна
Коршунова	Майя	Тимуровна
Гончарова	Елена	Дмитриевна
Архипова	Вероника	Ильинична
Горбачев	Макар	Николаевич
Петровский	Илья	Максимович
Исаева	Ксения	Денисовна
Комарова	Анастасия	Тимофеевна
Щербакова	Кристина	Александровна
Алексеев	Николай	Александрович
Макаров	Алексей	Лукич	
Чижов	Александр	Макарович
Морозова	Дарья	Данииловна
Власова	Алина	Романовна
Калашников	Роман	Станиславович
Любимов	Иван	Тимофеевич
Карасева	София	Степановна
Михайлова	Варвара	Евгеньевна
Андреев	Георгий	Даниилович
Сидорова	Дарина	Максимовна
Смирнова	Арина	Максимовна
Егорова	Ульяна	Макаровна
Алексеева	Валерия	Кирилловна
Никольская	Алина	Максимовна
Наумов	Станислав	Алексеевич
Алексеев	Тимофей	Гордеевич
Волкова	София	Матвеевна
Михайлова	Лея	Глебовна
Тихонова	Алиса	Романовна
Козлов	Александр	Семёнович
Боброва	Арина	Павловна
Власова	Айлин	Эминовна
Бочаров	Антон	Маркович
Иванова	Полина	Робертовна
Софронов	Алексей	Николаевич
Титова	Кристина	Данииловна
Федорова	Серафима	Александровна
Евсеев	Фёдор	Кириллович
Гришин	Константин	Егорович
Петрова	Эмма	Кирилловна
Тарасова	Мира	Ивановна
Кожевников	Роман	Степанович
Сизов	Борис	Никитич
Любимова	Аделина	Максимовна
Михеева	Алина	Григорьевна
Горлов	Андрей	Кириллович
Борисов	Леонид	Алексеевич
Морозова	Полина	Владиславовна
Гришин	Михаил	Александрович
Сахаров	Валерий	Иванович
Тихонова	Дарья	Станиславовна
Рябова	Кира	Владимировна
Королева	Николь	Григорьевна
Семенов	Фёдор	Кириллович
Васильева	Варвара	Лукинична
Архипов	Егор	Константинович
Воронцов	Артемий	Тимофеевич
Ананьева	Елизавета	Александровна
Борисова	Арина	Матвеевна
Кузнецов	Максим	Матвеевич
Шишкина	Дарья	Ивановна
Степанов	Мирон	Иванович
Евдокимов	Георгий	Андреевич
Дьяконов	Марк	Никитич
Панфилов	Никита	Егорович
Данилов	Роман	Максимович
Фокина	Сафия	Матвеевна
Царев	Филипп	Фёдорович
Никитин	Михаил	Иванович
Фомин	Георгий	Робертович
Фролов	Степан	Денисович
Дроздов	Степан	Степанович
Павлова	Оливия	Львовна
Егорова	Мария	Семёновна
Климова	Милана	Владиславовна
Терехов	Мирон	Александрович
Лебедев	Михаил	Сергеевич
Миронова	Ксения	Платоновна
Романов	Николай	Никитич
Федорова	Софья	Макаровна
Горбунова	Елизавета	Демидовна
Смирнов	Илья	Денисович
Козлов	Артём	Даниилович
Горшков	Илья	Львович
Фомин	Георгий	Ильич
Сидорова	Анна	Макаровна
Дроздов	Игорь	Артёмович
Михайлов	Артур	Даниилович
Смирнова	Алия	Львовна
Орлова	Арина	Артемьевна
Борисова	Алина	Андреевна
Горохов	Михаил	Глебович
Кравцов	Матвей	Фёдорович
Нестеров	Дмитрий	Иванович
Романов	Иван	Русланович
Маслов	Алексей	Григорьевич
Касьянов	Фёдор	Лукич	
Петрова	Ангелина	Михайловна
Шестакова	Валерия	Михайловна
Савин	Марк	Робертович
Горбачева	София	Ивановна
Дорохова	Анастасия	Эминовна
Мельников	Владимир	Матвеевич
Грибова	Злата	Алиевна
Кудрявцев	Тимофей	Саввич
Кулешов	Даниил	Николаевич
Кудряшова	София	Андреевна
Головина	Ариана	Макаровна
Ершова	Виктория	Степановна
Шишкин	Максим	Николаевич
Макаров	Мирослав	Тимофеевич
Зайцев	Михаил	Дмитриевич
Беликова	Алиса	Михайловна
Агеева	Марина	Тимофеевна
Соколова	Мария	Андреевна
Смирнова	София	Дмитриевна
Баранов	Святослав	Иванович
Шишкина	Варвара	Григорьевна
Щербаков	Максим	Владиславович
Скворцова	Анна	Александровна
Куликова	Василиса	Григорьевна
Корчагин	Андрей	Романович
Фокина	Милана	Ильинична
Овчинников	Семён	Львович
Миронова	Ева	Матвеевна
Румянцева	Арина	Владимировна
Марков	Станислав	Иванович
Николаева	Амелия	Глебовна
Черкасова	Вера	Данииловна
Майорова	Есения	Филипповна
Федосеева	Анастасия	Ярославовна
Степанов	Роман	Кириллович
Григорьева	Фатима	Ильинична
Степанов	Даниил	Павлович
Нефедов	Алексей	Вячеславович
Лапшин	Иван	Кириллович
Кошелева	София	Ильинична
Долгов	Андрей	Платонович
Павлов	Вячеслав	Иванович
Коновалов	Всеволод	Егорович
Белова	Ангелина	Арсентьевна
Котова	Мария	Алексеевна
Николаева	Амелия	Александровна
Иванова	Яна	Романовна
Родионова	Мария	Никитична
Яшина	Милана	Александровна
Воронина	Варвара	Максимовна
Жукова	Софья	Дмитриевна
Дроздов	Артём	Владиславович
Панов	Тимофей	Алексеевич
Кузнецова	Алиса	Ивановна
Столярова	Ева	Артёмовна
Серебряков	Александр	Арсентьевич
Щеглова	Анна	Александровна
Розанова	Ангелина	Тихоновна
Беляева	Екатерина	Степановна
Орлов	Мирон	Георгиевич
Алексеева	Ольга	Львовна
Баженов	Лев	Артёмович
Соловьев	Максим	Тимофеевич
Аникина	Екатерина	Александровна
Громова	Мия	Ильинична
Смирнов	Иван	Денисович
Федотов	Адам	Львович
Любимова	Софья	Тимофеевна
Зуев	Леонид	Матвеевич
Ковалев	Матвей	Александрович
Зубова	Ясмина	Даниловна
Смирнова	Анастасия	Тимуровна
Никифоров	Максим	Григорьевич
Николаев	Захар	Максимович
Рыбаков	Демьян	Михайлович
Андреев	Александр	Максимович
Чистякова	София	Ильинична
Пирогов	Степан	Маратович
Павлов	Илья	Глебович
Назаров	Артём	Арсентьевич
Маркина	Анна	Глебовна
Пономарев	Артём	Олегович
Соколова	Карина	Александровна
Шаповалова	Аделина	Ивановна
Наумов	Дмитрий	Павлович
Поляков	Данил	Тимофеевич
Исаева	Варвара	Григорьевна
Морозов	Степан	Марсельевич
Галкин	Глеб	Григорьевич
Степанов	Даниэль	Андреевич
Игнатов	Михаил	Ильич
Иванова	Мария	Никитична
Толкачева	Анна	Никитична
Кузнецов	Лев	Евгеньевич
Антонов	Александр	Игоревич
Семенов	Семён	Кириллович
Черных	Елизавета	Ярославовна
Орлов	Михаил	Дмитриевич
Волкова	Арина	Кирилловна
Сергеев	Марк	Михайлович
Белова	Ника	Арсентьевна
Третьякова	Алиса	Алиевна
Владимирова	Татьяна	Данииловна
Олейников	Григорий	Глебович
Маркова	Екатерина	Святославовна
Попова	Анна	Марковна
Медведева	Елена	Максимовна
Зверев	Владислав	Юрьевич
Синицын	Никита	Артёмович
Шевцов	Олег	Михайлович
Масленников	Фёдор	Сергеевич
Петухов	Алексей	Иванович
Горлов	Ярослав	Арсентьевич
Серебрякова	Елизавета	Святославовна
Горюнов	Руслан	Ярославович
Иванова	Таисия	Марковна
Цветкова	Алиса	Андреевна
Воронцова	Ирина	Всеволодовна
Муравьев	Дмитрий	Романович
Прокофьев	Никита	Антонович
Морозова	Карина	Владиславовна
Кузнецова	Ульяна	Михайловна
Власова	Татьяна	Леонидовна
Голубев	Кирилл	Даниилович
Тарасов	Георгий	Дмитриевич
Грачева	Маргарита	Павловна
Степанова	Мелания	Максимовна
Киселев	Иван	Денисович
Петрова	Ева	Тимуровна
Филиппова	Арина	Кирилловна
Белов	Гордей	Тимофеевич
Иванова	Полина	Кирилловна
Шмелев	Артём	Даниэльевич
Тихомиров	Денис	Максимович
Филиппова	Ариана	Маратовна
Матвеева	Анна	Андреевна
Лазарева	Маргарита	Захаровна
Киселева	Варвара	Анатольевна
Попов	Дмитрий	Николаевич
Некрасов	Тимофей	Олегович
Овсянникова	Мирослава	Константиновна
Майорова	София	Максимовна
Панков	Тихон	Сергеевич
Чернышев	Артемий	Дамирович
Ермилова	Анна	Александровна
Ефимов	Руслан	Владиславович
Щербаков	Кирилл	Евгеньевич
Новикова	Дарья	Ивановна
Кулагин	Роман	Тимурович
Орлов	Владимир	Алексеевич
Соловьев	Кирилл	Даниилович
Леонтьев	Иван	Александрович
Панов	Максим	Ярославович
Белова	Валерия	Константиновна
Богданова	Милана	Егоровна
Воробьева	Вероника	Кирилловна
Матвеев	Давид	Михайлович
Лобанов	Иван	Михайлович
Миронов	Иван	Даниилович
Уваров	Тимофей	Николаевич
Корнеев	Матвей	Николаевич
Крылова	Вероника	Тихоновна
Осипова	Милана	Фёдоровна
Карасев	Александр	Дмитриевич
Климов	Антон	Сергеевич
Денисов	Михаил	Фёдорович
Бессонова	Софья	Дмитриевна
Мешков	Даниил	Серафимович
Герасимова	Алина	Артёмовна
Смирнова	Василиса	Ивановна
Родионова	Милана	Кирилловна
Никитина	Полина	Ивановна
Коршунова	Алиса	Семёновна
Иванов	Даниил	Юрьевич
Плотников	Денис	Дмитриевич
Ермолов	Максим	Артёмович
Масленникова	Екатерина	Артёмовна
Гусев	Георгий	Александрович
Никитин	Иван	Ильич
Кожевникова	Стефания	Денисовна
Кузина	Эмилия	Алексеевна
Матвеева	Анастасия	Дмитриевна
Сомов	Али	Артёмович
Исакова	Софья	Максимовна
Королева	София	Никитична
Родионова	София	Павловна
Мельникова	София	Сергеевна
Софронов	Алексей	Тимофеевич
Потапова	Ева	Романовна
Лапина	Василиса	Александровна
Голованова	Алиса	Дмитриевна
Елизарова	Таисия	Маратовна
Савельева	Милана	Серафимовна
Константинов	Арсений	Макарович
Егоров	Артём	Алексеевич
Герасимова	Варвара	Юрьевна
Никонова	Яна	Платоновна
Воробьев	Тимур	Иванович
Попов	Сергей	Маркович
Чернышев	Александр	Кириллович
Измайлова	Василиса	Ярославовна
Кравцов	Василий	Дмитриевич
Денисова	Валерия	Даниловна
Суслова	Анна	Львовна
Смирнова	Мария	Васильевна
Пастухова	Софья	Данииловна
Денисов	Павел	Львович
Воронова	Вера	Львовна
Куприянова	Милана	Ивановна
Алексеев	Артём	Артемьевич
Смирнов	Максим	Никитич
Евдокимова	Кира	Андреевна
Кулаков	Кирилл	Елисеевич
Егорова	Ольга	Александровна
Пастухова	Лейла	Андреевна
Корнеев	Марк	Кириллович
Мартынова	Серафима	Владимировна
Гусева	Милана	Ивановна
Шилова	Ясмина	Фёдоровна
Никонова	Анастасия	Кирилловна
Алешина	Анна	Александровна
Морозов	Фёдор	Миронович
Ковалев	Макар	Андреевич
Еремин	Роман	Константинович
Моисеев	Богдан	Михайлович
Смирнов	Давид	Тимурович
Коновалов	Игорь	Егорович
Столяров	Матвей	Егорович
Попов	Георгий	Евгеньевич
Родионова	Ева	Владимировна
Ефимова	Вероника	Тимуровна
Макаров	Кирилл	Матвеевич
Платонова	Софья	Фёдоровна
Михайлов	Максим	Алексеевич
Скворцова	Алисия	Дамировна
Пахомов	Владимир	Максимович
Успенская	Яна	Ивановна
Егоров	Егор	Маркович
Чистяков	Максим	Тимофеевич
Устинов	Артём	Тимурович
Сахарова	Майя	Максимовна
Наумов	Егор	Львович
Семенов	Марк	Даниилович
Иванова	Маргарита	Никитична
Попов	Александр	Данилович
Данилов	Максим	Иванович
Грибова	Анна	Данииловна
Казакова	Александра	Давидовна
Ефремова	Виктория	Владимировна
Морозов	Михаил	Кириллович
Карпова	София	Александровна
Щербаков	Георгий	Романович
Пугачева	София	Александровна
Кудрявцев	Иван	Мирославович
Чистякова	Марта	Степановна
Кузьмина	Елизавета	Артемьевна
Высоцкая	София	Андреевна
Голованова	Евгения	Юрьевна
Фадеева	Василиса	Ивановна
Терентьева	Вероника	Данииловна
Федотов	Даниэль	Максимович
Миронов	Павел	Маркович
Макаров	Максим	Андреевич
Худякова	Алиса	Родионовна
Иванова	Елизавета	Мироновна
Смирнов	Павел	Денисович
Мельников	Андрей	Даниилович
Захарова	Алиса	Тимофеевна
Ковалев	Максим	Александрович
Еремеев	Роман	Маркович
Давыдов	Марк	Артурович
Захаров	Артур	Львович
Сизова	Екатерина	Владимировна
Громов	Демид	Кириллович
Андрианова	Варвара	Марковна
Петров	Игорь	Анатольевич
Соловьева	Алиса	Артуровна
Никитина	Анастасия	Викторовна
Полякова	Маргарита	Всеволодовна
Орлов	Алексей	Григорьевич
Ильин	Александр	Маркович
Николаев	Дмитрий	Львович
Ефимова	Вероника	Никитична
Денисов	Анатолий	Львович
Осипов	Сергей	Ростиславович
Кулешова	Полина	Кирилловна
Платонова	Анна	Давидовна
Морозов	Матвей	Романович
Зиновьева	Василиса	Матвеевна
Зайцев	Яков	Александрович
Шестакова	Анастасия	Платоновна
Петухова	Анна	Филипповна
Богданов	Эмиль	Александрович
Еремин	Максим	Алиевич
Фетисов	Андрей	Матвеевич
Петров	Тимур	Даниилович
Любимова	Антонина	Матвеевна
Виноградова	Виктория	Егоровна
Ульянова	Фатима	Львовна
Михайлов	Мирон	Игоревич
Борисова	Василиса	Мироновна
Кудрявцева	Вероника	Елисеевна
Лаптев	Алексей	Кириллович
Тихомиров	Александр	Артёмович
Кудряшова	Мария	Никитична
Сидоров	Роман	Давидович
Савельев	Даниил	Владиславович
Романова	Василиса	Кирилловна
Антипов	Роман	Георгиевич
Кондратьев	Александр	Матвеевич
Кошелева	Алиса	Ильинична
Шевелева	Кира	Тимофеевна
Румянцев	Даниил	Георгиевич
